Label,Whole IEMOCAP Count,Male IEMOCAP Count,Female IEMOCAP Count,Percentage
N,290,0,524,2.7369624424195553
P,567,760,0,4.461854006253993
E,6592,0,10443,57.27783194916109
A,359,10206,0,35.52335160216536
