Label,Whole IEMOCAP Count,Male IEMOCAP Count,Female IEMOCAP Count,Percentage
N,24,0,75,2.8448275862068964
P,85,117,0,5.804597701149425
E,795,0,1192,57.09770114942529
A,42,1150,0,34.252873563218394
