Label,Whole IEMOCAP Count,Male IEMOCAP Count,Female IEMOCAP Count,Percentage
N,15,0,27,1.0595358224016145
P,46,58,0,2.623612512613522
E,910,0,1465,59.914228052472254
A,10,1433,0,36.40262361251261
