Label,Whole IEMOCAP Count,Male IEMOCAP Count,Female IEMOCAP Count,Percentage
N,32,0,123,1.6668458974083236
P,127,203,0,3.5487686848048177
E,1902,0,3478,57.85568340681794
A,36,3398,0,36.92870201096892
