Label,Whole IEMOCAP Count,Male IEMOCAP Count,Female IEMOCAP Count,Percentage
N,33,0,89,4.782438259506076
P,90,123,0,8.349666797334379
E,599,0,800,54.84123872990984
A,51,766,0,32.02665621324971
